ASIN,Parent ASIN,Title,Relationship
B09DQ8Z1DS,B0DJP6QDNZ,"Campus Colors NCAA Stainless Steel Tumbler perfect for Gameday - 18 oz - Double Walled - Keeps Drinks Perfectly Insulated (Memphis Tigers - Royal, 18oz) 18oz Memphis Tigers - Royal",CHILD
B09DQ85ZSC,B0DJP6QDNZ,"Campus Colors NCAA Stainless Steel Tumbler perfect for Gameday - 18 oz - Double Walled - Keeps Drinks Perfectly Insulated (Missouri Tigers - Black, 18oz) 18oz Missouri Tigers - Black",CHILD
B09DQ86JHD,B0DJP6QDNZ,"Campus Colors NCAA Stainless Steel Tumbler perfect for Gameday - 18 oz - Double Walled - Keeps Drinks Perfectly Insulated (Fordham Rams - Maroon, 18oz) 18oz Fordham Rams - Maroon",CHILD
B09DQ8VZ19,B0DJP6QDNZ,"Campus Colors NCAA Stainless Steel Tumbler perfect for Gameday - 18 oz - Double Walled - Keeps Drinks Perfectly Insulated (NC State Wolfpack - Red, 18oz) 18oz NC State Wolfpack - Red",CHILD
B09DQ8QL4C,B0DJP6QDNZ,"Campus Colors NCAA Stainless Steel Tumbler perfect for Gameday - 18 oz - Double Walled - Keeps Drinks Perfectly Insulated (Stanford Cardinal - Cardinal, 18oz) 18oz Stanford Cardinal - Cardinal",CHILD
B09DQ7PDK8,B0DJP6QDNZ,"Campus Colors NCAA Stainless Steel Tumbler perfect for Gameday - 18 oz - Double Walled - Keeps Drinks Perfectly Insulated (Tulane Green Wave - Green, 18oz) 18oz Tulane Green Wave - Green",CHILD
B09DQ8ZSHM,B0DJP6QDNZ,"Campus Colors NCAA Stainless Steel Tumbler perfect for Gameday - 18 oz - Double Walled - Keeps Drinks Perfectly Insulated (Mississippi State Bulldogs - Maroon, 18oz) 18oz Mississippi State Bulldogs - Maroon",CHILD
B09DQBGZB5,B0DJP6QDNZ,"Campus Colors NCAA Stainless Steel Tumbler perfect for Gameday - 18 oz - Double Walled - Keeps Drinks Perfectly Insulated (Arizona State Sun Devils - Maroon, 18oz) 18oz Arizona State Sun Devils - Maroon",CHILD
B0C6B72TS8,B0DJP6QDNZ,"Campus Colors NCAA Stainless Steel Tumbler perfect for Gameday - 18 oz - Double Walled - Keeps Drinks Perfectly Insulated (Bethune-Cookman University - Maroon, 18oz) 18oz Bethune-Cookman University - Maroon",CHILD
B09DQ9GT6W,B0DJP6QDNZ,"Campus Colors NCAA Stainless Steel Tumbler perfect for Gameday - 18 oz - Double Walled - Keeps Drinks Perfectly Insulated (Alabama Crimson Tide - Crimson, 18oz) 18oz Alabama Crimson Tide - Crimson",CHILD
B0C6B6QS8G,B0DJP6QDNZ,"Campus Colors NCAA Stainless Steel Tumbler perfect for Gameday - 18 oz - Double Walled - Keeps Drinks Perfectly Insulated (Howard University - Navy, 18oz) 18oz Howard University - Navy",CHILD
B09DQ94V2V,B0DJP6QDNZ,"Campus Colors NCAA Stainless Steel Tumbler perfect for Gameday - 18 oz - Double Walled - Keeps Drinks Perfectly Insulated (Tennessee Volunteers - Black, 18oz) 18oz Tennessee Volunteers - Black",CHILD
B09DQ8MQT6,B0DJP6QDNZ,"Campus Colors NCAA Stainless Steel Tumbler perfect for Gameday - 18 oz - Double Walled - Keeps Drinks Perfectly Insulated (Villanova Wildcats - Navy, 18oz) 18oz Villanova Wildcats - Navy",CHILD
B09DQ82KN1,B0DJP6QDNZ,"Campus Colors NCAA Stainless Steel Tumbler perfect for Gameday - 18 oz - Double Walled - Keeps Drinks Perfectly Insulated (Harvard Crimson - Crimson, 18oz) 18oz Harvard Crimson - Crimson",CHILD
B09DQ88V11,B0DJP6QDNZ,"Campus Colors NCAA Stainless Steel Tumbler perfect for Gameday - 18 oz - Double Walled - Keeps Drinks Perfectly Insulated (Illinois Fighting Illini - Navy, 18oz) 18oz Illinois Fighting Illini - Navy",CHILD
B09DQ94DHJ,B0DJP6QDNZ,"Campus Colors NCAA Stainless Steel Tumbler perfect for Gameday - 18 oz - Double Walled - Keeps Drinks Perfectly Insulated (Dayton Flyers - Red, 18oz) 18oz Dayton Flyers - Red",CHILD
B09DQ94DHH,B0DJP6QDNZ,"Campus Colors NCAA Stainless Steel Tumbler perfect for Gameday - 18 oz - Double Walled - Keeps Drinks Perfectly Insulated (Butler Bulldogs - Navy, 18oz) 18oz Butler Bulldogs - Navy",CHILD
B0C6B3RHS6,B0DJP6QDNZ,"Campus Colors NCAA Stainless Steel Tumbler perfect for Gameday - 18 oz - Double Walled - Keeps Drinks Perfectly Insulated (USC Trojans - Cardinal, 18oz) 18oz USC Trojans - Cardinal",CHILD
B09DQ9NLSN,B0DJP6QDNZ,"Campus Colors NCAA Stainless Steel Tumbler perfect for Gameday - 18 oz - Double Walled - Keeps Drinks Perfectly Insulated (Indiana Hoosiers - Crimson, 18oz) 18oz Indiana Hoosiers - Crimson",CHILD
B0C6B59BPF,B0DJP6QDNZ,"Campus Colors NCAA Stainless Steel Tumbler perfect for Gameday - 18 oz - Double Walled - Keeps Drinks Perfectly Insulated (Tuskegee University - Maroon, 18oz) 18oz Tuskegee University - Maroon",CHILD
B09DQ9MV1V,B0DJP6QDNZ,"Campus Colors NCAA Stainless Steel Tumbler perfect for Gameday - 18 oz - Double Walled - Keeps Drinks Perfectly Insulated (Fresno State Bulldogs - Red, 18oz) 18oz Fresno State Bulldogs - Red",CHILD
B09DQ8F9F1,B0DJP6QDNZ,"Campus Colors NCAA Stainless Steel Tumbler perfect for Gameday - 18 oz - Double Walled - Keeps Drinks Perfectly Insulated (Iowa Hawkeyes - Black, 18oz) 18oz Iowa Hawkeyes - Black",CHILD
B0C6B7TN2W,B0DJP6QDNZ,"Campus Colors NCAA Stainless Steel Tumbler perfect for Gameday - 18 oz - Double Walled - Keeps Drinks Perfectly Insulated (North Carolina A&T State University - Navy, 18oz) 18oz North Carolina A&T State University - Navy",CHILD
B0C6B4ZZ82,B0DJP6QDNZ,"Campus Colors NCAA Stainless Steel Tumbler perfect for Gameday - 18 oz - Double Walled - Keeps Drinks Perfectly Insulated (Creighton Bluejays - Blue, 18oz) 18oz Creighton Bluejays - Blue",CHILD
B09DQ8T2BH,B0DJP6QDNZ,"Campus Colors NCAA Stainless Steel Tumbler perfect for Gameday - 18 oz - Double Walled - Keeps Drinks Perfectly Insulated (Florida Gators - Royal, 18oz) 18oz Florida Gators - Royal",CHILD
B09DQ7YLNX,B0DJP6QDNZ,"Campus Colors NCAA Stainless Steel Tumbler perfect for Gameday - 18 oz - Double Walled - Keeps Drinks Perfectly Insulated (Miami Redhawks - Red, 18oz) 18oz Miami Redhawks - Red",CHILD
B09DQ8BKM8,B0DJP6QDNZ,"Campus Colors NCAA Stainless Steel Tumbler perfect for Gameday - 18 oz - Double Walled - Keeps Drinks Perfectly Insulated (Iowa State Cyclones - Maroon, 18oz) 18oz Iowa State Cyclones - Maroon",CHILD
B09DQ8HNQ9,B0DJP6QDNZ,"Campus Colors NCAA Stainless Steel Tumbler perfect for Gameday - 18 oz - Double Walled - Keeps Drinks Perfectly Insulated (Illinois State Redbirds - Red, 18oz) 18oz Illinois State Redbirds - Red",CHILD
B09DQ6D8Y6,B0DJP6QDNZ,"Campus Colors NCAA Stainless Steel Tumbler perfect for Gameday - 18 oz - Double Walled - Keeps Drinks Perfectly Insulated (Oregon State Beavers - Black, 18oz) 18oz Oregon State Beavers - Black",CHILD
B09DQ85K2C,B0DJP6QDNZ,"Campus Colors NCAA Stainless Steel Tumbler perfect for Gameday - 18 oz - Double Walled - Keeps Drinks Perfectly Insulated (USF Bulls - Green, 18oz) 18oz USF Bulls - Green",CHILD
B0CHXN3QM8,B0DJP6QDNZ,"Campus Colors NCAA Stainless Steel Tumbler perfect for Gameday - 18 oz - Double Walled - Keeps Drinks Perfectly Insulated (Washington Huskies - Black, 18oz) 18oz Washington Huskies - Black",CHILD
B09DQ873MQ,B0DJP6QDNZ,"Campus Colors NCAA Stainless Steel Tumbler perfect for Gameday - 18 oz - Double Walled - Keeps Drinks Perfectly Insulated (Ohio Bobcats - Green, 18oz) 18oz Ohio Bobcats - Green",CHILD
B0C6B5ZPQ6,B0DJP6QDNZ,"Campus Colors NCAA Stainless Steel Tumbler perfect for Gameday - 18 oz - Double Walled - Keeps Drinks Perfectly Insulated (Jackson State University - Navy, 18oz) 18oz Jackson State University - Navy",CHILD
B09DQ72B68,B0DJP6QDNZ,"Campus Colors NCAA Stainless Steel Tumbler perfect for Gameday - 18 oz - Double Walled - Keeps Drinks Perfectly Insulated (Vanderbilt Commodores - Black, 18oz) 18oz Vanderbilt Commodores - Black",CHILD
B09DQ7W4DV,B0DJP6QDNZ,"Campus Colors NCAA Stainless Steel Tumbler perfect for Gameday - 18 oz - Double Walled - Keeps Drinks Perfectly Insulated (Baylor Bears - Green, 18oz) 18oz Baylor Bears - Green",CHILD
B09DQ7W4DW,B0DJP6QDNZ,"Campus Colors NCAA Stainless Steel Tumbler perfect for Gameday - 18 oz - Double Walled - Keeps Drinks Perfectly Insulated (Michigan Wolverines - Navy, 18oz) 18oz Michigan Wolverines - Navy",CHILD
B09DQ6VKR2,B0DJP6QDNZ,"Campus Colors NCAA Stainless Steel Tumbler perfect for Gameday - 18 oz - Double Walled - Keeps Drinks Perfectly Insulated (Arkansas Razorbacks - Cardinal, 18oz) 18oz Arkansas Razorbacks - Cardinal",CHILD
B09DQ93Q65,B0DJP6QDNZ,"Campus Colors NCAA Stainless Steel Tumbler perfect for Gameday - 18 oz - Double Walled - Keeps Drinks Perfectly Insulated (Purdue Boilermakers - Black, 18oz) 18oz Purdue Boilermakers - Black",CHILD
B09DQ93Q66,B0DJP6QDNZ,"Campus Colors NCAA Stainless Steel Tumbler perfect for Gameday - 18 oz - Double Walled - Keeps Drinks Perfectly Insulated (Arizona Wildcats - Navy, 18oz) 18oz Arizona Wildcats - Navy",CHILD
B0CNKTJJBK,B0DJP6QDNZ,"Campus Colors College Stainless Steel, Double Walled, Vacuum Insulated, Reusable Collegiate Tumbler with Slider-Top Lid for Travel, Sports, and Coffee, 18 oz (Oregon Ducks - Black, 18oz) 18oz Oregon Ducks - Black",CHILD
B09DQ7984C,B0DJP6QDNZ,"Campus Colors NCAA Stainless Steel Tumbler perfect for Gameday - 18 oz - Double Walled - Keeps Drinks Perfectly Insulated (South Carolina Gamecocks - Maroon, 18oz) 18oz South Carolina Gamecocks - Maroon",CHILD
B09DQ8M1NP,B0DJP6QDNZ,"Campus Colors NCAA Stainless Steel Tumbler perfect for Gameday - 18 oz - Double Walled - Keeps Drinks Perfectly Insulated (Wisconsin Badgers - Red, 18oz) 18oz Wisconsin Badgers - Red",CHILD
B09DQ836GC,B0DJP6QDNZ,"Campus Colors NCAA Stainless Steel Tumbler perfect for Gameday - 18 oz - Double Walled - Keeps Drinks Perfectly Insulated (Oklahoma Sooners - Crimson, 18oz) 18oz Oklahoma Sooners - Crimson",CHILD
B09DQ8CHK6,B0DJP6QDNZ,"Campus Colors NCAA Stainless Steel Tumbler perfect for Gameday - 18 oz - Double Walled - Keeps Drinks Perfectly Insulated (Oklahoma State Cowboys - Black, 18oz) 18oz Oklahoma State Cowboys - Black",CHILD
B09DQ7ZZVK,B0DJP6QDNZ,"Campus Colors NCAA Stainless Steel Tumbler perfect for Gameday - 18 oz - Double Walled - Keeps Drinks Perfectly Insulated (Syracuse Orange - Navy, 18oz) 18oz Syracuse Orange - Navy",CHILD
B0D18MJ476,B0DJP6QDNZ,"Campus Colors College Stainless Steel, Double Walled, Vacuum Insulated, Reusable Collegiate Tumbler with Slider-Top Lid for Travel, Sports, and Coffee,18 oz (North Carolina Tar Heels - Navy, 18oz) 18oz North Carolina Tar Heels - Navy",CHILD
B0CBQDV1M4,B0DJP6QDNZ,"Campus Colors NCAA Stainless Steel Tumbler perfect for Gameday - 18 oz - Double Walled - Keeps Drinks Perfectly Insulated (Northwestern Wildcats - Black, 18oz) 18oz Northwestern Wildcats - Black",CHILD
B09DQ7R77W,B0DJP6QDNZ,"Campus Colors NCAA Stainless Steel Tumbler perfect for Gameday - 18 oz - Double Walled - Keeps Drinks Perfectly Insulated (Colorado State Rams - Green, 18oz) 18oz Colorado State Rams - Green",CHILD
B09DQB3QFP,B0DJP6QDNZ,"Campus Colors NCAA Stainless Steel Tumbler perfect for Gameday - 18 oz - Double Walled - Keeps Drinks Perfectly Insulated (Virginia Cavaliers - Navy, 18oz) 18oz Virginia Cavaliers - Navy",CHILD
B09DQ7QJQ9,B0DJP6QDNZ,"Campus Colors NCAA Stainless Steel Tumbler perfect for Gameday - 18 oz - Double Walled - Keeps Drinks Perfectly Insulated (Virginia Tech Hokies - Maroon, 18oz) 18oz Virginia Tech Hokies - Maroon",CHILD
B09DQ6Z2L4,B0DJP6QDNZ,"Campus Colors NCAA Stainless Steel Tumbler perfect for Gameday - 18 oz - Double Walled - Keeps Drinks Perfectly Insulated (VCU Rams - Black, 18oz) 18oz VCU Rams - Black",CHILD
B09DQB5K4R,B0DJP6QDNZ,"Campus Colors NCAA Stainless Steel Tumbler perfect for Gameday - 18 oz - Double Walled - Keeps Drinks Perfectly Insulated (Johns Hopkins Blue Jays - Black, 18oz) 18oz Johns Hopkins Blue Jays - Black",CHILD
B09DQ8JKST,B0DJP6QDNZ,"Campus Colors NCAA Stainless Steel Tumbler perfect for Gameday - 18 oz - Double Walled - Keeps Drinks Perfectly Insulated (SMU Mustangs - Royal, 18oz) 18oz SMU Mustangs - Royal",CHILD
B09DQ7GS75,B0DJP6QDNZ,"Campus Colors NCAA Stainless Steel Tumbler perfect for Gameday - 18 oz - Double Walled - Keeps Drinks Perfectly Insulated (Cal Golden Bears - Navy, 18oz) 18oz Cal Golden Bears - Navy",CHILD
B0C6B5YDRD,B0DJP6QDNZ,"Campus Colors NCAA Stainless Steel Tumbler perfect for Gameday - 18 oz - Double Walled - Keeps Drinks Perfectly Insulated (Texas Southern University - Maroon, 18oz) 18oz Texas Southern University - Maroon",CHILD
B09DQ9J89P,B0DJP6QDNZ,"Campus Colors NCAA Stainless Steel Tumbler perfect for Gameday - 18 oz - Double Walled - Keeps Drinks Perfectly Insulated (Ohio State Buckeyes - Red, 18oz) 18oz Ohio State Buckeyes - Red",CHILD
B0C6B79WX2,B0DJP6QDNZ,"Campus Colors NCAA Stainless Steel Tumbler perfect for Gameday - 18 oz - Double Walled - Keeps Drinks Perfectly Insulated (Utah Utes - Red, 18oz) 18oz Utah Utes - Red",CHILD
B09DQ8WMYN,B0DJP6QDNZ,"Campus Colors NCAA Stainless Steel Tumbler perfect for Gameday - 18 oz - Double Walled - Keeps Drinks Perfectly Insulated (Clemson Tigers - Orange, 18oz) 18oz Clemson Tigers - Orange",CHILD
B09DQ8XV7C,B0DJP6QDNZ,"Campus Colors NCAA Stainless Steel Tumbler perfect for Gameday - 18 oz - Double Walled - Keeps Drinks Perfectly Insulated (Michigan State Spartans - Green, 18oz) 18oz Michigan State Spartans - Green",CHILD
B0CNKX3S4C,B0DJP6QDNZ,"Campus Colors College Stainless Steel, Double Walled, Vacuum Insulated, Reusable Collegiate Tumbler with Slider-Top Lid for Travel, Sports, and Coffee, 18 oz (Miami Hurricanes - Black, 18oz) 18oz Miami Hurricanes - Black",CHILD
B09DQBLVGK,B0DJP6QDNZ,"Campus Colors NCAA Stainless Steel Tumbler perfect for Gameday - 18 oz - Double Walled - Keeps Drinks Perfectly Insulated (West Virginia Mountaineers - Navy, 18oz) 18oz West Virginia Mountaineers - Navy",CHILD
B0CGW6GY29,B0DJP6QDNZ,"Campus Colors NCAA Stainless Steel Tumbler perfect for Gameday - 18 oz - Double Walled - Keeps Drinks Perfectly Insulated (LSU Tigers - Black, 18oz) 18oz LSU Tigers - Black",CHILD
B09DQ9VDW3,B0DJP6QDNZ,"Campus Colors NCAA Stainless Steel Tumbler perfect for Gameday - 18 oz - Double Walled - Keeps Drinks Perfectly Insulated (Auburn Tigers - Navy, 18oz) 18oz Auburn Tigers - Navy",CHILD
B09DQB6LMG,B0DJP6QDNZ,"Campus Colors NCAA Stainless Steel Tumbler perfect for Gameday - 18 oz - Double Walled - Keeps Drinks Perfectly Insulated (Penn State Nittany Lions - Navy, 18oz) 18oz Penn State Nittany Lions - Navy",CHILD
B0C6B3VSG9,B0DJP6QDNZ,"Campus Colors NCAA Stainless Steel Tumbler perfect for Gameday - 18 oz - Double Walled - Keeps Drinks Perfectly Insulated (Morehouse College - Maroon, 18oz) 18oz Morehouse College - Maroon",CHILD
B09DQ62WHJ,B0DJP6QDNZ,"Campus Colors NCAA Stainless Steel Tumbler perfect for Gameday - 18 oz - Double Walled - Keeps Drinks Perfectly Insulated (Georgetown Hoyas - Navy, 18oz) 18oz Georgetown Hoyas - Navy",CHILD
B09DQ8MR91,B0DJP6QDNZ,"Campus Colors College Stainless Steel, Double Walled, Vacuum Insulated, Reusable Collegiate Tumbler with Slider-Top Lid for Travel, Sports, and Coffee, 18 oz (Miami Hurricanes - Green, 18oz) 18oz Miami Hurricanes - Green",CHILD
B09DQ828CN,B0DJP6QDNZ,"Campus Colors NCAA Stainless Steel Tumbler perfect for Gameday - 18 oz - Double Walled - Keeps Drinks Perfectly Insulated (Central Florida Knights - Black, 18oz) 18oz Central Florida Knights - Black",CHILD
B09DQBRG8F,B0DJP6QDNZ,"Campus Colors NCAA Stainless Steel Tumbler perfect for Gameday - 18 oz - Double Walled - Keeps Drinks Perfectly Insulated (Georgia Bulldogs - Red, 18oz) 18oz Georgia Bulldogs - Red",CHILD
B09DQ8ZMYK,B0DJP6QDNZ,"Campus Colors NCAA Stainless Steel Tumbler perfect for Gameday - 18 oz - Double Walled - Keeps Drinks Perfectly Insulated (Minnesota Golden Gophers - Maroon, 18oz) 18oz Minnesota Golden Gophers - Maroon",CHILD
B09DQ98TWZ,B0DJP6QDNZ,"Campus Colors NCAA Stainless Steel Tumbler perfect for Gameday - 18 oz - Double Walled - Keeps Drinks Perfectly Insulated (Boston College Eagles - Maroon, 18oz) 18oz Boston College Eagles - Maroon",CHILD
B0BCX8DR9S,B0DJP6QDNZ,"Campus Colors NCAA Stainless Steel Tumbler perfect for Gameday - 18 oz - Double Walled - Keeps Drinks Perfectly Insulated (Ohio State Buckeyes - Black, 18oz) 18oz Ohio State Buckeyes - Black",CHILD
B09DQ8Q7HS,B0DJP6QDNZ,"Campus Colors College Stainless Steel, Double Walled, Vacuum Insulated, Reusable Collegiate Tumbler with Slider-Top Lid for Travel, Sports, and Coffee, 18 oz (Oregon Ducks - Green, 18oz) 18oz Oregon Ducks - Green",CHILD
B09DQ9N8H8,B0DJP6QDNZ,"Campus Colors NCAA Stainless Steel Tumbler perfect for Gameday - 18 oz - Double Walled - Keeps Drinks Perfectly Insulated (Washington State Cougars - Maroon, 18oz) 18oz Washington State Cougars - Maroon",CHILD
B0C6B9F82X,B0DJP6QDNZ,"Campus Colors NCAA Stainless Steel Tumbler perfect for Gameday - 18 oz - Double Walled - Keeps Drinks Perfectly Insulated (Spelman College - Navy, 18oz) 18oz Spelman College - Navy",CHILD
B09DQ7WP8N,B0DJP6QDNZ,"Campus Colors NCAA Stainless Steel Tumbler perfect for Gameday - 18 oz - Double Walled - Keeps Drinks Perfectly Insulated (Northwestern Wildcats - Purple, 18oz) 18oz Northwestern Wildcats - Purple",CHILD
B09DQ81ZQR,B0DJP6QDNZ,"Campus Colors NCAA Stainless Steel Tumbler perfect for Gameday - 18 oz - Double Walled - Keeps Drinks Perfectly Insulated (Texas Tech Red Raiders - Red, 18oz) 18oz Texas Tech Red Raiders - Red",CHILD
B09DQ9MSHP,B0DJP6QDNZ,"Campus Colors NCAA Stainless Steel Tumbler perfect for Gameday - 18 oz - Double Walled - Keeps Drinks Perfectly Insulated (Colorado Buffaloes - Black, 18oz) 18oz Colorado Buffaloes - Black",CHILD
B09DQ8MJS8,B0DJP6QDNZ,"Campus Colors NCAA Stainless Steel Tumbler perfect for Gameday - 18 oz - Double Walled - Keeps Drinks Perfectly Insulated (Louisville Cardinals - Red, 18oz) 18oz Louisville Cardinals - Red",CHILD
B09DQ7XFJ2,B0DJP6QDNZ,"Campus Colors NCAA Stainless Steel Tumbler perfect for Gameday - 18 oz - Double Walled - Keeps Drinks Perfectly Insulated (Texas Longhorns - Texas Orange, 18oz) 18oz Texas Longhorns - Texas Orange",CHILD
B09DQ6STGJ,B0DJP6QDNZ,"Campus Colors NCAA Stainless Steel Tumbler perfect for Gameday - 18 oz - Double Walled - Keeps Drinks Perfectly Insulated (Yale Bulldogs - Navy, 18oz) 18oz Yale Bulldogs - Navy",CHILD
B09DQ8Z8HJ,B0DJP6QDNZ,"Campus Colors NCAA Stainless Steel Tumbler perfect for Gameday - 18 oz - Double Walled - Keeps Drinks Perfectly Insulated (Florida State Seminoles - Maroon, 18oz) 18oz Florida State Seminoles - Maroon",CHILD
B09DQ8Q8T1,B0DJP6QDNZ,"Campus Colors NCAA Stainless Steel Tumbler perfect for Gameday - 18 oz - Double Walled - Keeps Drinks Perfectly Insulated (Texas A&M Aggies - Maroon, 18oz) 18oz Texas A&M Aggies - Maroon",CHILD
B09DQ8HN4C,B0DJP6QDNZ,"Campus Colors NCAA Stainless Steel Tumbler perfect for Gameday - 18 oz - Double Walled - Keeps Drinks Perfectly Insulated (Ole Miss Rebels - Navy, 18oz) 18oz Ole Miss Rebels - Navy",CHILD
B09DQ8LY32,B0DJP6QDNZ,"Campus Colors NCAA Stainless Steel Tumbler perfect for Gameday - 18 oz - Double Walled - Keeps Drinks Perfectly Insulated (Cincinnati Bearcats - Black, 18oz) 18oz Cincinnati Bearcats - Black",CHILD
B0C6B6Z17V,B0DJP6QDNZ,"Campus Colors NCAA Stainless Steel Tumbler perfect for Gameday - 18 oz - Double Walled - Keeps Drinks Perfectly Insulated (Grambling State University - Black, 18oz) 18oz Grambling State University - Black",CHILD
B09DQ9MYD7,B0DJP6QDNZ,"Campus Colors NCAA Stainless Steel Tumbler perfect for Gameday - 18 oz - Double Walled - Keeps Drinks Perfectly Insulated (TCU Horned Frogs - Purple, 18oz) 18oz TCU Horned Frogs - Purple",CHILD
B0C6B6J1JW,B0DJP6QDNZ,"Campus Colors NCAA Stainless Steel Tumbler perfect for Gameday - 18 oz - Double Walled - Keeps Drinks Perfectly Insulated (Southern University - White, 18oz) 18oz Southern University - White",CHILD
B09DQ9NND9,B0DJP6QDNZ,"Campus Colors NCAA Stainless Steel Tumbler perfect for Gameday - 18 oz - Double Walled - Keeps Drinks Perfectly Insulated (Kentucky Wildcats - Royal, 18oz) 18oz Kentucky Wildcats - Royal",CHILD
B09DQBFDH6,B0DJP6QDNZ,"Campus Colors NCAA Stainless Steel Tumbler perfect for Gameday - 18 oz - Double Walled - Keeps Drinks Perfectly Insulated (Marquette Golden Eagles - Navy, 18oz) 18oz Marquette Golden Eagles - Navy",CHILD
B09DQ8NFHL,B0DJP6QDNZ,"Campus Colors NCAA Stainless Steel Tumbler perfect for Gameday - 18 oz - Double Walled - Keeps Drinks Perfectly Insulated (Maryland Terrapins - Red, 18oz) 18oz Maryland Terrapins - Red",CHILD
B09DQ9F75X,B0DJP6QDNZ,"Campus Colors NCAA Stainless Steel Tumbler perfect for Gameday - 18 oz - Double Walled - Keeps Drinks Perfectly Insulated (LSU Tigers - Purple, 18oz) 18oz LSU Tigers - Purple",CHILD
B0C6B9F86D,B0DJP6QDNZ,"Campus Colors NCAA Stainless Steel Tumbler perfect for Gameday - 18 oz - Double Walled - Keeps Drinks Perfectly Insulated (Wake Forest Demon Deacons - Black, 18oz) 18oz Wake Forest Demon Deacons - Black",CHILD
B09DQ8CZBN,B0DJP6QDNZ,"Campus Colors NCAA Stainless Steel Tumbler perfect for Gameday - 18 oz - Double Walled - Keeps Drinks Perfectly Insulated (Columbia Lions - Navy, 18oz) 18oz Columbia Lions - Navy",CHILD
B0C6B7C8NY,B0DJP6QDNZ,"Campus Colors NCAA Stainless Steel Tumbler perfect for Gameday - 18 oz - Double Walled - Keeps Drinks Perfectly Insulated (San Diego State Aztecs - Black, 18oz) 18oz San Diego State Aztecs - Black",CHILD
B09DQ6VFJD,B0DJP6QDNZ,"Campus Colors NCAA Stainless Steel Tumbler perfect for Gameday - 18 oz - Double Walled - Keeps Drinks Perfectly Insulated (Georgia Tech Yellowjackets - Navy, 18oz) 18oz Georgia Tech Yellowjackets - Navy",CHILD
B09DQ8B8S7,B0DJP6QDNZ,"Campus Colors NCAA Stainless Steel Tumbler perfect for Gameday - 18 oz - Double Walled - Keeps Drinks Perfectly Insulated (Kansas Jayhawks - Royal, 18oz) 18oz Kansas Jayhawks - Royal",CHILD
B09DQ9KFMY,B0DJP6QDNZ,"Campus Colors NCAA Stainless Steel Tumbler perfect for Gameday - 18 oz - Double Walled - Keeps Drinks Perfectly Insulated (Gonzaga Bulldogs - Navy, 18oz) 18oz Gonzaga Bulldogs - Navy",CHILD
B0CBQHFZPH,B0DJP6QDNZ,"Campus Colors NCAA Stainless Steel Tumbler perfect for Gameday - 18 oz - Double Walled - Keeps Drinks Perfectly Insulated (TCU Horned Frogs - White, 18oz) 18oz TCU Horned Frogs - White",CHILD
B09DQ6VFJB,B0DJP6QDNZ,"Campus Colors NCAA Stainless Steel Tumbler perfect for Gameday - 18 oz - Double Walled - Keeps Drinks Perfectly Insulated (Washington Huskies - Purple, 18oz) 18oz Washington Huskies - Purple",CHILD
B0C6B6NS7S,B0DJP6QDNZ,"Campus Colors NCAA Stainless Steel Tumbler perfect for Gameday - 18 oz - Double Walled - Keeps Drinks Perfectly Insulated (UCONN Huskies - Navy, 18oz) 18oz UCONN Huskies - Navy",CHILD
B0C6B5MN5M,B0DJP6QDNZ,"Campus Colors NCAA Stainless Steel Tumbler perfect for Gameday - 18 oz - Double Walled - Keeps Drinks Perfectly Insulated (San Diego State Aztecs - Red, 18oz) 18oz San Diego State Aztecs - Red",CHILD
